Nome,Indirizzo,Latitudine,Longitudine
FIT MI - Fitness Club - Palestra Regione,Palazzo Lombardia - Via Luigi Galvani,45.487479,9.197039
Mengiu Palestre Milano,Via Daniele Ranzoni,45.470508,9.145712
Milano Health Club,Via Gaetano Strambio,45.475203, 9.232573
Solaris Fitness,Via Andrea Solari,45.458469,9.163050
Palestre Italiane Milano Cassala,Viale Cassala,45.445945,9.163565
GetFIT,Via Giuseppe Meda,45.438811,9.178226
Virgin Active Collection Milano Corso Como,Corso Como,45.483075,9.186715
Virgin Active Collection Milano Cavour,Via del Vecchio Politecnico,45.47246,9.196344
FitActive Milano Via Pellegrino Rossi,Via Pellegrino Rossi,45.514817,9.173276
Anytime Fitness Milano Sarca,Viale Sarca,45.508311,9.204678
Virgin Active Milano Kennedy,Viale Alcide de Gasperi,45.496648,9.128877
Palestra Gold's Gym,Via Privata Benadir,45.498697,9.236642
Prime Exclusive Wellness Milano,Via S. Paolo,45.465801,9.193307
Audace Palestre Repubblica,Via Giuseppe Parini,45.477693,9.195047
Virgin Active Collection Vittorio Emanuele,Largo Corsia dei Servi,45.465277,9.196064
Ceresio 7 Gym & Spa,Via Ceresio,45.483876,9.180265
Anytime Fitness Milano Sempione,Via Giovanni da Procida,45.483908,9.157267
Palestra McFIT,Viale Fulvio Testi,45.506895,9.198678
Virgin Active Milano Citt√† Studi,Via Giovanni Antonio Amedeo,45.472064,9.238348
Plus 1 Gym Concept - Palestra,Via Friuli,45.448972,9.209674
Palestra Milano Fit Quartiere Adriano,Via Ugo la Malfa,45.516480,9.246454
Porta Venezia Fitness Club,Via Gustavo Modena,45.470737,9.212807
IN|EX Calisthenic + Yoga & Boxing,Via Molino delle Armi,45.456164,9.186200
FitActive Milano Via Sismondi,Via Giancarlo Sismondi,45.465666,9.231069
La Wellness,Via Tagliamento,45.443374,9.213345
CrossFit Bicocca,Via Talete,45.521734,9.230533
CSB Fight CrossFit,Via California,45.458670,9.160860
CrossFit Mediolanvm,Via Antonio Mambretti,45.507803,9.133545
Virgin Active Milano Maciachini,Via Carlo Imbonati,45.502276,9.182316